secao	id	ingles	portugues
categoria_pokedex	502	Bite	Mordida
categoria_pokedex	503	Bite	Mordida
categoria_pokedex	504	Tiny Raccoon	Guaxinim Pequeno
categoria_pokedex	505	Rushing	Investida
categoria_pokedex	506	Worm	Verme
categoria_pokedex	507	Cocoon	Casulo
categoria_pokedex	508	Butterfly	Borboleta
categoria_pokedex	509	Cocoon	Casulo
categoria_pokedex	510	Poison Moth	Mariposa Venenosa
categoria_pokedex	511	Acorn	Bolota
categoria_pokedex	512	Wily	Astuto
categoria_pokedex	513	Wicked	Perverso
categoria_pokedex	514	Tiny Swallow	Andorinha Pequena
categoria_pokedex	515	Swallow	Andorinha
categoria_pokedex	516	Seagull	Gaivota
categoria_pokedex	517	Water Bird	Ave Aquática
categoria_pokedex	518	Pond Skater	Patinador do Lago
categoria_pokedex	519	Eyeball	Globo Ocular
categoria_pokedex	520	Whisper	Sussurro
categoria_pokedex	521	Big Voice	Vozeirão
categoria_pokedex	522	Loud Noise	Barulho Alto
categoria_pokedex	523	Guts	Garra
categoria_pokedex	524	Arm Thrust	Empurrão
categoria_pokedex	525	Kitten	Gatinho
categoria_pokedex	526	Prim	Elegante
categoria_pokedex	527	Meditate	Meditação
categoria_pokedex	528	Meditate	Meditação
categoria_pokedex	529	Lightning	Relâmpago
categoria_pokedex	530	Discharge	Descarga
categoria_pokedex	531	Cheering	Torcida
categoria_pokedex	532	Cheering	Torcida
categoria_pokedex	533	Firefly	Vaga-lume
categoria_pokedex	534	Firefly	Vaga-lume
categoria_pokedex	535	Stomach	Estômago
categoria_pokedex	536	Poison Bag	Bolsa de Veneno
categoria_pokedex	537	Numb	Entorpecido
categoria_pokedex	538	Eruption	Erupção
categoria_pokedex	539	Bounce	Pulo
categoria_pokedex	540	Manipulate	Manipulação
categoria_pokedex	541	Spot Panda	Panda Malhado
categoria_pokedex	542	Cat Ferret	Gato-Furão
categoria_pokedex	543	Fang Snake	Cobra de Presas
categoria_pokedex	544	Meteorite	Meteorito
categoria_pokedex	545	Meteorite	Meteorito
categoria_pokedex	546	Whiskers	Bigodes
categoria_pokedex	547	Whiskers	Bigodes
categoria_pokedex	548	Ruffian	Brigão
categoria_pokedex	549	Rogue	Malandro
categoria_pokedex	550	Clay Doll	Boneco de Barro
categoria_pokedex	551	Clay Doll	Boneco de Barro
categoria_pokedex	552	Weather	Clima
categoria_pokedex	553	Weather	Clima
categoria_pokedex	554	Weather	Clima
categoria_pokedex	555	Weather	Clima
categoria_pokedex	556	Fruit	Fruta
categoria_pokedex	557	Bell	Sino
categoria_pokedex	558	Wind Chime	Sino de Vento
categoria_pokedex	559	Clap	Palmas
categoria_pokedex	560	Ball Roll	Rola-Bola
categoria_pokedex	561	Ice Break	Quebra-Gelo
categoria_pokedex	562	Bivalve	Bivalve
categoria_pokedex	563	Deep Sea	Mar Profundo
categoria_pokedex	564	South Sea	Mar do Sul
categoria_pokedex	565	Longevity	Longevidade
categoria_pokedex	566	Bat	Morcego
categoria_pokedex	567	Courting	Cortejo
categoria_pokedex	568	EleFish	Peixe Elétrico
categoria_pokedex	569	EleFish	Peixe Elétrico
categoria_pokedex	570	EleFish	Peixe Elétrico
categoria_pokedex	571	Mock Kelp	Alga Falsa
categoria_pokedex	572	Mock Kelp	Alga Falsa
categoria_pokedex	573	Sea Slug	Lesma-do-Mar
categoria_pokedex	574	Sea Slug	Lesma-do-Mar
categoria_pokedex	575	Sea Slug	Lesma-do-Mar
categoria_pokedex	576	Sea Slug	Lesma-do-Mar
categoria_pokedex	1000013	Triple Starter	Iniciante Triplo
categoria_pokedex	1000014	Triple Starter	Iniciante Triplo
categoria_pokedex	1000025	Cardboard	Papelão
categoria_pokedex	1000030	Cardboard	Papelão
categoria_pokedex	1000031	Triple Space Rock	Rocha Espacial Tripla
categoria_pokedex	1000032	Triple Space Rock	Rocha Espacial Tripla
categoria_pokedex	1000033	Triple Fish	Peixe Triplo
entrada_pokedex	33	Its horn is harder than a diamond. If it senses a hostile presence, all the barbs on its back bristle up at once, and it challenges the foe with all its might.	Seu chifre é mais duro que um diamante. Se sentir uma presença hostil, todas as farpas das costas se eriçam ao mesmo tempo e ele desafia o inimigo com todas as suas forças.
entrada_pokedex	418	From its beak, it expels embers that set the tall grass on fire. Then it pounces on the bewildered prey that pop out of the grass.	Expele pelo bico brasas que incendeiam a grama alta. Então ataca as presas desnorteadas que saem da grama.
entrada_pokedex	420	It conceals itself in the mud of the seashore. Then it waits. When prey touch it, it delivers a jolt of energy.	Esconde-se na lama da praia. Então espera. Quando uma presa o toca, ele libera uma descarga de energia.
entrada_pokedex	432	This Oricorio relaxes by swaying gently. This increases its psychic energy, which it then fires at its enemies.	Este Oricorio relaxa balançando suavemente. Isso aumenta sua energia psíquica, que ele então dispara contra os inimigos.
entrada_pokedex	481	Its Tackle is forceful enough to flip a 50-ton tank. It shields its allies from danger with its own body.	Seu Tackle é forte o suficiente para virar um tanque de 50 toneladas. Ele protege os aliados do perigo com o próprio corpo.
entrada_pokedex	502	It savagely threatens foes with bared fangs. It chases after fleeing targets tenaciously. It turns tail and runs, however, if the foe strikes back.	Ameaça os inimigos com ferocidade, mostrando as presas. Persegue com tenacidade os alvos que fogem. Porém, se o inimigo revidar, dá meia-volta e foge.
entrada_pokedex	503	In the wild, Mightyena live in a pack. They never defy their leader's orders. They defeat foes with perfectly coordinated teamwork.	Na natureza, os Mightyena vivem em matilhas. Nunca desobedecem às ordens do líder. Derrotam os inimigos com um trabalho em equipe perfeitamente coordenado.
entrada_pokedex	504	Rubbing its nose against the ground, it always wanders about back and forth in search of something. It is distinguished by the zigzag footprints it leaves.	Esfregando o focinho no chão, vive vagando para lá e para cá em busca de algo. É reconhecido pelas pegadas em zigue-zague que deixa.
entrada_pokedex	505	It is exceedingly fast if it only has to run in a straight line. When it spots pond- dwelling prey underwater, it quickly leaps in and catches it with its sharp claws.	É extremamente rápido quando só precisa correr em linha reta. Ao avistar uma presa que vive debaixo d'água nos lagos, salta rapidamente e a captura com as garras afiadas.
entrada_pokedex	506	It sticks to tree branches and eats leaves. The thread it spits from its mouth becomes gooey when it touches air and slows the movement of its foes.	Gruda nos galhos das árvores e come folhas. O fio que cospe pela boca fica pegajoso ao tocar o ar e deixa os inimigos mais lentos.
entrada_pokedex	507	It prepares for evolution using the energy it stored while it was a Wurmple. It keeps watch over the surroundings with its two eyes.	Prepara-se para a evolução usando a energia que acumulou quando era um Wurmple. Vigia os arredores com seus dois olhos.
entrada_pokedex	508	Its colorfully patterned wings are its most prominent feature. It flies through flower-covered fields collecting pollen. It attacks ferociously when angered.	Suas asas de padrões coloridos são sua característica mais marcante. Voa por campos floridos coletando pólen. Ataca com ferocidade quando irritado.
entrada_pokedex	509	To avoid detection by its enemies, it hides motionlessly beneath large leaves and in the gaps of branches. It also attaches dead leaves to its body for camouflage.	Para não ser detectado pelos inimigos, esconde-se imóvel sob folhas grandes e entre os galhos. Também prende folhas secas ao corpo para se camuflar.
entrada_pokedex	510	It is a nocturnal Pokémon that flies from fields and mountains to the attraction of streetlights at night. It looses highly toxic powder from its wings.	É um Pokémon noturno que voa dos campos e montanhas atraído pela luz dos postes à noite. Solta um pó altamente tóxico das asas.
entrada_pokedex	511	It hangs off branches and absorbs nutrients. When it finishes eating, its body becomes so heavy that it drops to the ground with a thump.	Fica pendurado nos galhos absorvendo nutrientes. Quando termina de se alimentar, seu corpo fica tão pesado que cai no chão com um baque.
entrada_pokedex	512	A forest-dwelling Pokémon that is skilled at climbing trees. Its long and pointed nose is its weak point. It loses power if the nose is gripped.	Pokémon que vive nas florestas e é hábil em escalar árvores. Seu nariz longo e pontudo é seu ponto fraco. Perde as forças se alguém segurar seu nariz.
entrada_pokedex	513	It is said to arrive on chilly, wintry winds. Feared from long ago as the guardian of forests, this Pokémon lives in a deep forest where people do not venture.	Dizem que chega com os ventos gelados do inverno. Temido desde a antiguidade como o guardião das florestas, vive em matas fechadas onde as pessoas não se aventuram.
entrada_pokedex	514	Although it is small, it is very courageous. It will take on a larger Skarmory on an equal footing. However, its will weakens if it becomes hungry.	Apesar de pequeno, é muito corajoso. Enfrenta até um Skarmory maior de igual para igual. Porém, sua determinação enfraquece quando fica com fome.
entrada_pokedex	515	A Swellow dives upon prey from far above. It never misses its targets. It takes to the skies in search of lands with a warm climate.	Um Swellow mergulha sobre a presa lá do alto. Nunca erra o alvo. Alça voo em busca de terras de clima quente.
entrada_pokedex	516	It makes its nest on a sheer cliff at the edge of the sea. It has trouble keeping its wings flapping in flight. Instead, it soars on updrafts.	Faz o ninho em penhascos íngremes à beira-mar. Tem dificuldade em manter as asas batendo durante o voo. Por isso, plana nas correntes de ar ascendentes.
entrada_pokedex	517	It skims the tops of waves as it flies. When it spots prey, it uses its large beak to scoop up the victim with water. It protects its eggs in its beak.	Voa rente às ondas. Ao avistar uma presa, usa o bico grande para recolhê-la junto com a água. Protege os ovos dentro do bico.
entrada_pokedex	518	They gather on puddles after evening downpours, gliding across the surface of water as if sliding. It secretes honey with a sweet aroma from its head.	Reúnem-se nas poças depois das chuvas do fim de tarde, deslizando pela superfície da água como se patinassem. Secreta pela cabeça um mel de aroma adocicado.
entrada_pokedex	519	It intimidates foes with the large eyelike patterns on its antennae. Because it can't fly if its wings get wet, it shelters from rain under large trees and eaves.	Intimida os inimigos com os grandes desenhos em forma de olho nas antenas. Como não consegue voar com as asas molhadas, abriga-se da chuva sob árvores grandes e beirais.
entrada_pokedex	520	Its cries equal a jet plane in volume. It inhales through its ear canals. Because of this system, it can cry continually without having to catch its breath.	Seu choro tem o volume de um avião a jato. Ele inspira pelos canais auditivos. Graças a esse sistema, consegue chorar sem parar e sem precisar recuperar o fôlego.
entrada_pokedex	521	It positions the round speakers on its head to assail foes with ultrasonic waves at massive volume. It builds power by stomping the ground.	Posiciona os alto-falantes redondos da cabeça para atacar os inimigos com ondas ultrassônicas em volume altíssimo. Acumula energia batendo os pés no chão.
entrada_pokedex	522	It has sound-generating organs all over its body. It communicates with others by adjusting the tone and volume of the cries it emits.	Tem órgãos que produzem som por todo o corpo. Comunica-se com os outros ajustando o tom e o volume dos gritos que emite.
entrada_pokedex	523	It loves to toughen up its body above all else. If you hear quaking rumbles in a cave, it is the sound of Makuhita undertaking strenuous training.	Adora fortalecer o corpo acima de tudo. Se você ouvir estrondos fazendo uma caverna tremer, é o som de um Makuhita em treinamento pesado.
entrada_pokedex	524	It has the habit of challenging others without hesitation to tests of strength. It's been known to stand on train tracks and stop trains using forearm thrusts.	Tem o costume de desafiar os outros, sem hesitar, para provas de força. Já foi visto em cima de trilhos, parando trens com golpes de antebraço.
entrada_pokedex	525	A Skitty's adorably cute behavior makes it highly popular. In battle, it makes its tail puff out. It threatens foes with a sharp growl.	O jeito adorável do Skitty o torna muito popular. Em batalha, deixa a cauda eriçada e ameaça os inimigos com um rosnado agudo.
entrada_pokedex	526	Rather than keeping a permanent lair, it habitually seeks comfortable spots and sleeps there. It is nocturnal and becomes active at dusk.	Em vez de manter uma toca fixa, costuma procurar lugares confortáveis para dormir. É noturno e fica ativo ao entardecer.
entrada_pokedex	527	It continually meditates for hours every day. As a result of rigorous and dedicated yoga training, it has tempered its spiritual power so much it can fly.	Medita durante horas todos os dias. Graças ao treinamento rigoroso e dedicado de ioga, fortaleceu tanto seu poder espiritual que consegue voar.
entrada_pokedex	528	Through crushingly harsh yoga training, it gained the power to foretell its foe's actions. It battles with elegant, dance- like movement.	Com um treinamento de ioga extremamente rigoroso, ganhou o poder de prever as ações dos inimigos. Luta com movimentos elegantes, como se dançasse.
entrada_pokedex	529	It generates electricity using friction from the atmosphere. In seasons with especially arid air, its entire body blazes with violent showers of sparks.	Gera eletricidade usando o atrito com a atmosfera. Nas estações de ar muito seco, todo o seu corpo solta violentas chuvas de faíscas.
entrada_pokedex	530	Because lightning falls in their vicinities, Manectric were thought to have been born from lightning. In battle, they create thunderclouds.	Como os raios caem por onde eles passam, acreditava-se que os Manectric nasciam dos raios. Em batalha, criam nuvens de tempestade.
entrada_pokedex	531	It has the trait of cheering on its fellow Pokémon. By shorting out the electricity it releases from its paws, it creates pom-poms for cheering.	Tem o hábito de torcer pelos Pokémon companheiros. Criando curtos-circuitos com a eletricidade que solta pelas patas, forma pompons para torcer.
entrada_pokedex	532	At a meeting of Pokémon academics, it was announced that simultaneous exposure to electricity from a Plusle and Minun will promote circulation and boost vitality.	Em um congresso de estudiosos de Pokémon, foi anunciado que a exposição simultânea à eletricidade de um Plusle e de um Minun melhora a circulação e aumenta a vitalidade.
entrada_pokedex	533	With their taillights lit, Volbeat fly in a swarm, drawing geometric designs in the night sky. They move their nests if their pond water becomes dirty.	Com as luzes da cauda acesas, os Volbeat voam em bando, desenhando formas geométricas no céu noturno. Mudam de ninho se a água do lago ficar suja.
entrada_pokedex	534	A nocturnal Pokémon that becomes active upon nightfall. It leads a Volbeat swarm to draw patterns in the night sky. Over 200 different patterns have been seen.	Pokémon noturno que fica ativo ao cair da noite. Guia um bando de Volbeat para desenhar padrões no céu noturno. Mais de 200 padrões diferentes já foram observados.
entrada_pokedex	535	This Pokémon's stomach fluid can even digest scrap iron. In one gulp, it can swallow something that is as large as itself.	O suco gástrico deste Pokémon é capaz de digerir até sucata de ferro. Em um só gole, consegue engolir algo do seu próprio tamanho.
entrada_pokedex	536	Its powerful stomach acid is capable of digesting almost anything. The one thing in the whole world a Swalot can't digest is its own stomach.	Seu poderoso ácido estomacal consegue digerir quase tudo. A única coisa no mundo que um Swalot não consegue digerir é o próprio estômago.
entrada_pokedex	537	A Numel stores boiling magma in the hump on its back. It is a hardy Pokémon that can transport a 220-pound load. It has served humans at work since long ago.	Um Numel armazena magma fervente na corcova das costas. É um Pokémon resistente, capaz de carregar 100 kg. Trabalha ao lado dos humanos desde tempos antigos.
entrada_pokedex	538	A Pokémon that lives in the crater of a volcano. Every 10 years, the volcanoes on its back erupt violently. Research is under way on the cause of eruption.	Pokémon que vive na cratera de um vulcão. A cada 10 anos, os vulcões das suas costas entram em erupção violenta. A causa das erupções ainda está sendo pesquisada.
entrada_pokedex	539	A Pokémon that manipulates psychic power at will. It doesn't stop bouncing even when it is asleep. It loves eating mushrooms that grow underground.	Pokémon que controla o poder psíquico à vontade. Não para de pular nem quando está dormindo. Adora comer cogumelos que crescem debaixo da terra.
entrada_pokedex	540	It stores power in the black pearls on its forehead. When it uses psychic power, it performs an odd dance step. Its style of dancing became hugely popular overseas.	Armazena poder nas pérolas pretas da testa. Quando usa o poder psíquico, faz um passo de dança estranho. Seu estilo de dança fez enorme sucesso no exterior.
entrada_pokedex	541	It is distinguished by a pattern of spots that is always different. Its unsteady, tottering walk has the effect of fouling its foe's aim.	Destaca-se pelo padrão de manchas, que é sempre diferente. Seu andar cambaleante e vacilante atrapalha a mira dos inimigos.
entrada_pokedex	542	When it battles, it stands on its hind legs and attacks with its sharply clawed forelegs. Its fur bristles if it encounters any Seviper.	Em batalha, fica de pé nas patas traseiras e ataca com as garras afiadas das patas dianteiras. Seu pelo se eriça quando encontra um Seviper.
entrada_pokedex	543	Seviper and Zangoose are eternal rivals. It counters a Zangoose's dazzling agility with its swordlike tail, which also oozes a horrible poison.	Seviper e Zangoose são rivais eternos. Ele rebate a agilidade deslumbrante de Zangoose com a cauda em forma de espada, que também exala um veneno terrível.
entrada_pokedex	544	It becomes very active on the night of a full moon. This Pokémon was first discovered 40 years ago at the site of a meteor strike.	Fica muito ativo nas noites de lua cheia. Este Pokémon foi descoberto há 40 anos no local da queda de um meteoro.
entrada_pokedex	545	Solar energy is the source of this Pokémon's power. On sunny days, groups of Solrock line up facing the sun and absorb its light.	A energia solar é a fonte do poder deste Pokémon. Em dias de sol, grupos de Solrock se enfileiram virados para o sol e absorvem sua luz.
entrada_pokedex	546	Its body is covered with a slimy film. The film acts as a barrier to prevent germs in muddy water from entering the Barboach's body.	Seu corpo é coberto por uma película viscosa. Essa película funciona como uma barreira que impede que os germes da água lamacenta entrem no corpo do Barboach.
entrada_pokedex	547	Mysteriously, it can foretell earthquakes. In the daytime, it sleeps in mud at the bottom of a pond. When it awakens, it continually feeds throughout the night.	Misteriosamente, consegue prever terremotos. Durante o dia, dorme na lama do fundo de um lago. Ao acordar, passa a noite inteira se alimentando.
entrada_pokedex	548	Once it grips prey with its large pincers, it will never let go, no matter what. It is a hardy Pokémon that can thrive in any environment.	Depois de agarrar uma presa com as pinças grandes, nunca mais a solta, aconteça o que acontecer. É um Pokémon resistente, capaz de prosperar em qualquer ambiente.
entrada_pokedex	549	A brutish Pokémon that loves to battle. A veteran Crawdaunt that has prevailed in hundreds of battles has giant pincers marked with countless scars.	Pokémon brutal que adora batalhar. Um Crawdaunt veterano que venceu centenas de batalhas tem pinças gigantes marcadas por inúmeras cicatrizes.
entrada_pokedex	550	A Baltoy moves by spinning on its single foot. It has been depicted in murals adorning the walls of a once-bustling city in an ancient age.	Um Baltoy se move girando sobre seu único pé. Ele aparece em murais nas paredes de uma cidade antiga que já foi muito movimentada.
entrada_pokedex	551	A Claydol sleeps while hovering in midair. Its arms are separate from its body. They are kept floating by the Pokémon's manipulation of psychic power.	Um Claydol dorme flutuando no ar. Seus braços são separados do corpo e flutuam graças ao controle do poder psíquico do Pokémon.
entrada_pokedex	552	It alters its form depending on the weather. Changes in the climate such as the temperature and humidity appear to affect its cellular structure.	Muda de forma conforme o clima. Mudanças climáticas, como a temperatura e a umidade, parecem afetar sua estrutura celular.
entrada_pokedex	553	It alters its form depending on the weather. Changes in the climate such as the temperature and humidity appear to affect its cellular structure.	Muda de forma conforme o clima. Mudanças climáticas, como a temperatura e a umidade, parecem afetar sua estrutura celular.
entrada_pokedex	554	It alters its form depending on the weather. Changes in the climate such as the temperature and humidity appear to affect its cellular structure.	Muda de forma conforme o clima. Mudanças climáticas, como a temperatura e a umidade, parecem afetar sua estrutura celular.
entrada_pokedex	555	It alters its form depending on the weather. Changes in the climate such as the temperature and humidity appear to affect its cellular structure.	Muda de forma conforme o clima. Mudanças climáticas, como a temperatura e a umidade, parecem afetar sua estrutura celular.
entrada_pokedex	556	It flies by flapping its broad leaves. The bunch of fruit that grows around its neck is deliciously sweet. In the spring, it scatters pollen from its neck.	Voa batendo as folhas largas. O cacho de frutas que cresce em volta do pescoço é deliciosamente doce. Na primavera, espalha pólen pelo pescoço.
entrada_pokedex	557	It emits cries by agitating an orb at the back of its throat. It moves with flouncing hops.	Emite sons agitando uma esfera no fundo da garganta. Move-se dando pulinhos saltitantes.
entrada_pokedex	558	They fly about very actively when the hot season arrives. They communicate among themselves using seven different and distinguishing cries.	Voam de um lado para o outro quando chega a estação quente. Comunicam-se entre si usando sete gritos diferentes e característicos.
entrada_pokedex	559	It is completely covered with plushy fur. As a result, it never feels the cold even when it is rolling about on ice floes or diving in the sea.	É todo coberto por uma pelagem fofa. Por isso, nunca sente frio, mesmo rolando sobre blocos de gelo ou mergulhando no mar.
entrada_pokedex	560	Sealeo live in herds on ice floes. Using its powerful flippers, it shatters ice. It dives into the sea to hunt prey five times a day.	Os Sealeo vivem em bandos sobre blocos de gelo. Quebra o gelo com as nadadeiras poderosas. Mergulha no mar para caçar cinco vezes por dia.
entrada_pokedex	561	To protect its herd, the leader battles anything that invades its territory, even at the cost of its life. Its tusks may snap off in battle.	Para proteger o bando, o líder enfrenta qualquer um que invada seu território, mesmo que isso custe sua vida. Suas presas podem se quebrar em batalha.
entrada_pokedex	562	A Clamperl slams its shell closed on prey to prevent escape. The pearl it creates upon evolution is said to be infused with a mysterious energy.	Um Clamperl fecha a concha com força sobre a presa para impedir que ela escape. Dizem que a pérola que ele cria ao evoluir tem uma energia misteriosa.
entrada_pokedex	563	To withstand the crushing water pressure deep under the sea, its spine is very thick and sturdy. Its tail, which is shaped like a small fish, has eyes that light up.	Para suportar a pressão esmagadora da água nas profundezas do mar, sua coluna é muito grossa e resistente. A cauda, em forma de peixinho, tem olhos que brilham.
entrada_pokedex	564	A Gorebyss siphons the body fluids of prey through its thin, tubular mouth. Its light pink body color turns vivid when it finishes feeding.	Um Gorebyss suga os fluidos corporais das presas pela boca fina e tubular. Seu corpo rosa-claro fica com uma cor viva quando termina de se alimentar.
entrada_pokedex	565	A Pokémon that was once believed to be extinct. The species has not changed its form for 100 million years. It walks on the seafloor using its pectoral fins.	Pokémon que já foi considerado extinto. A espécie não muda de forma há 100 milhões de anos. Anda pelo fundo do mar usando as nadadeiras peitorais.
entrada_pokedex	566	Suction from its nostrils enables it to stick to cave walls during sleep. It leaves a heart-shaped mark behind.	A sucção das narinas permite que ele grude nas paredes das cavernas enquanto dorme. Deixa para trás uma marca em forma de coração.
entrada_pokedex	567	Anyone who comes into contact with the ultrasonic waves emitted by a courting male experiences a positive mood shift.	Quem entra em contato com as ondas ultrassônicas emitidas por um macho cortejando uma fêmea fica de bom humor.
entrada_pokedex	568	These Pokémon move in schools. They have an electricity-generating organ, so they discharge electricity if in danger.	Estes Pokémon se movem em cardumes. Têm um órgão que gera eletricidade e, por isso, soltam descargas elétricas quando estão em perigo.
entrada_pokedex	569	These Pokémon have a big appetite. When they spot their prey, they attack it and paralyze it with electricity.	Estes Pokémon têm um grande apetite. Quando avistam uma presa, atacam e a paralisam com eletricidade.
entrada_pokedex	570	With their sucker mouths, they suck in prey. Then they use their fangs to shock the prey with electricity.	Sugam a presa com a boca em forma de ventosa. Depois usam as presas para eletrocutá-la.
entrada_pokedex	571	Camouflaged as rotten kelp, they spray liquid poison on prey that approaches unawares and then finish it off.	Camuflados como algas podres, borrifam veneno líquido nas presas que se aproximam desavisadas e então acabam com elas.
entrada_pokedex	572	Their poison is strong enough to eat through the hull of a tanker, and they spit it indiscriminately at anything that enters their territory.	Seu veneno é forte o bastante para corroer o casco de um navio petroleiro, e eles o cospem sem distinção em tudo o que invade seu território.
entrada_pokedex	573	Its colors and shapes differ from region to region. In the Sinnoh region, two types are confirmed.	Suas cores e formas variam de região para região. Na região de Sinnoh, dois tipos foram confirmados.
entrada_pokedex	574	It has a pliable body without any bones. If any part of its body is torn off, it grows right back.	Tem um corpo flexível, sem nenhum osso. Se alguma parte do corpo for arrancada, ela volta a crescer na mesma hora.
entrada_pokedex	575	Its colors and shapes differ from region to region. In the Sinnoh region, two types are confirmed.	Suas cores e formas variam de região para região. Na região de Sinnoh, dois tipos foram confirmados.
entrada_pokedex	576	It has a pliable body without any bones. If any part of its body is torn off, it grows right back.	Tem um corpo flexível, sem nenhum osso. Se alguma parte do corpo for arrancada, ela volta a crescer na mesma hora.
entrada_pokedex	999999	Zapmolcuno is a three-way fusion between Articuno, Zapdos and Moltres that was created using Team Rocket's fusion machine. Further improvements by Colress has made the fusion stable enough to be used in battles.	Zapmolcuno é uma fusão tripla de Articuno, Zapdos e Moltres, criada com a máquina de fusão da Team Rocket. Aperfeiçoamentos feitos por Colress tornaram a fusão estável o bastante para ser usada em batalhas.
entrada_pokedex	1000000	Zapmolcuno is a three-way fusion between Articuno, Zapdos and Moltres that was created by Team Rocket. It is highly unstable.	Zapmolcuno é uma fusão tripla de Articuno, Zapdos e Moltres criada pela Team Rocket. É altamente instável.
entrada_pokedex	1000001	Enraicune is a three-way fusion between Entei, Raikou and Suicune that was created using Team Rocket's fusion machine. Further improvements by Colress has made the fusion stable enough to be used in battles.	Enraicune é uma fusão tripla de Entei, Raikou e Suicune, criada com a máquina de fusão da Team Rocket. Aperfeiçoamentos feitos por Colress tornaram a fusão estável o bastante para ser usada em batalhas.
entrada_pokedex	1000002	Kyodonquaza is a three-way fusion between Kyogre, Groudon and Rayquaza that was created using Team Rocket's fusion machine. Further improvements by Colress has made the fusion stable enough to be used in battles.	Kyodonquaza é uma fusão tripla de Kyogre, Groudon e Rayquaza, criada com a máquina de fusão da Team Rocket. Aperfeiçoamentos feitos por Colress tornaram a fusão estável o bastante para ser usada em batalhas.
entrada_pokedex	1000003	Paldiatina is a three-way fusion between Palkia, Dialga and Giratina that was created using Team Rocket's fusion machine. Further improvements by Colress has made the fusion stable enough to be used in battles.	Paldiatina é uma fusão tripla de Palkia, Dialga e Giratina, criada com a máquina de fusão da Team Rocket. Aperfeiçoamentos feitos por Colress tornaram a fusão estável o bastante para ser usada em batalhas.
entrada_pokedex	1000004	Kyodonquaza is a three-way fusion between Zekrom, Reshiram and Kyurem that was created using Team Rocket's fusion machine. Further improvements by Colress has made the fusion stable enough to be used in battles.	Zekyushiram é uma fusão tripla de Zekrom, Reshiram e Kyurem, criada com a máquina de fusão da Team Rocket. Aperfeiçoamentos feitos por Colress tornaram a fusão estável o bastante para ser usada em batalhas.
entrada_pokedex	1000005	Celemewchi is a three-way fusion between Mew, Celebi and Jirachi that was created using Team Rocket's fusion machine. Further improvements by Colress has made the fusion stable enough to be use in battles.	Celemewchi é uma fusão tripla de Mew, Celebi e Jirachi, criada com a máquina de fusão da Team Rocket. Aperfeiçoamentos feitos por Colress tornaram a fusão estável o bastante para ser usada em batalhas.
entrada_pokedex	1000006	Venustoizard is a three-way fusion between the final stages of the Kanto starters that was created using Team Rocket's fusion machine. Further improvements by Colress has made the fusion stable enough to be use in battles.	Venustoizard é uma fusão tripla dos estágios finais dos Pokémon iniciais de Kanto, criada com a máquina de fusão da Team Rocket. Aperfeiçoamentos feitos por Colress tornaram a fusão estável o bastante para ser usada em batalhas.
entrada_pokedex	1000007	Megaligasion is a three-way fusion between the final stages of the Johto starters that was created using Team Rocket's fusion machine. Further improvements by Colress has made the fusion stable enough to be use in battles.	Megaligasion é uma fusão tripla dos estágios finais dos Pokémon iniciais de Johto, criada com a máquina de fusão da Team Rocket. Aperfeiçoamentos feitos por Colress tornaram a fusão estável o bastante para ser usada em batalhas.
entrada_pokedex	1000008	Swamptiliken is a three-way fusion between the final stages of the Hoenn starters that was created using Team Rocket's fusion machine. Further improvements by Colress has made the fusion stable enough to be use in battles.	Swamptiliken é uma fusão tripla dos estágios finais dos Pokémon iniciais de Hoenn, criada com a máquina de fusão da Team Rocket. Aperfeiçoamentos feitos por Colress tornaram a fusão estável o bastante para ser usada em batalhas.
entrada_pokedex	1000009	Torterneon is a three-way fusion between the final stages of the Sinnoh starters that was created using Team Rocket's fusion machine. Further improvements by Colress has made the fusion stable enough to be use in battles.	Torterneon é uma fusão tripla dos estágios finais dos Pokémon iniciais de Sinnoh, criada com a máquina de fusão da Team Rocket. Aperfeiçoamentos feitos por Colress tornaram a fusão estável o bastante para ser usada em batalhas.
entrada_pokedex	1000010	Deosectwo is a three-way fusion between Mewtwo, Genesect and Deoxys that was created using Team Rocket's fusion machine. Further improvements by Colress has made the fusion stable enough to be used in battles.	Deosectwo é uma fusão tripla de Mewtwo, Genesect e Deoxys, criada com a máquina de fusão da Team Rocket. Aperfeiçoamentos feitos por Colress tornaram a fusão estável o bastante para ser usada em batalhas.
entrada_pokedex	1000011	Bulbmantle is a three-way fusion between the first stages of the Kanto starters that was created using Team Rocket's fusion machine. Further improvements by Colress has made the fusion stable enough to be use in battles.	Bulbmantle é uma fusão tripla dos primeiros estágios dos Pokémon iniciais de Kanto, criada com a máquina de fusão da Team Rocket. Aperfeiçoamentos feitos por Colress tornaram a fusão estável o bastante para ser usada em batalhas.
entrada_pokedex	1000012	Ivymelortle is a three-way fusion between the second stages of the Kanto starters that was created using Team Rocket's fusion machine. Further improvements by Colress has made the fusion stable enough to be use in battles.	Ivymelortle é uma fusão tripla dos segundos estágios dos Pokémon iniciais de Kanto, criada com a máquina de fusão da Team Rocket. Aperfeiçoamentos feitos por Colress tornaram a fusão estável o bastante para ser usada em batalhas.
entrada_pokedex	1000013	Totoritaquil is a three-way fusion between the first stages of the Johto starters that was created using Team Rocket's fusion machine. Further improvements by Colress has made the fusion stable enough to be use in battles.	Totoritaquil é uma fusão tripla dos primeiros estágios dos Pokémon iniciais de Johto, criada com a máquina de fusão da Team Rocket. Aperfeiçoamentos feitos por Colress tornaram a fusão estável o bastante para ser usada em batalhas.
entrada_pokedex	1000014	Baylavanaw is a three-way fusion between the second stages of the Johto starters that was created using Team Rocket's fusion machine. Further improvements by Colress has made the fusion stable enough to be use in battles.	Baylavanaw é uma fusão tripla dos segundos estágios dos Pokémon iniciais de Johto, criada com a máquina de fusão da Team Rocket. Aperfeiçoamentos feitos por Colress tornaram a fusão estável o bastante para ser usada em batalhas.
entrada_pokedex	1000015	Torkipcko is a three-way fusion between the first stages of the Hoenn starters that was created using Team Rocket's fusion machine. Further improvements by Colress has made the fusion stable enough to be use in battles.	Torkipcko é uma fusão tripla dos primeiros estágios dos Pokémon iniciais de Hoenn, criada com a máquina de fusão da Team Rocket. Aperfeiçoamentos feitos por Colress tornaram a fusão estável o bastante para ser usada em batalhas.
entrada_pokedex	1000016	Gromarshken is a three-way fusion between the second stages of the Hoenn starters that was created using Team Rocket's fusion machine. Further improvements by Colress has made the fusion stable enough to be use in battles.	Gromarshken é uma fusão tripla dos segundos estágios dos Pokémon iniciais de Hoenn, criada com a máquina de fusão da Team Rocket. Aperfeiçoamentos feitos por Colress tornaram a fusão estável o bastante para ser usada em batalhas.
entrada_pokedex	1000017	Turcharlup is a three-way fusion between the first stages of the Sinnoh starters that was created using Team Rocket's fusion machine. Further improvements by Colress has made the fusion stable enough to be use in battles.	Turcharlup é uma fusão tripla dos primeiros estágios dos Pokémon iniciais de Sinnoh, criada com a máquina de fusão da Team Rocket. Aperfeiçoamentos feitos por Colress tornaram a fusão estável o bastante para ser usada em batalhas.
entrada_pokedex	1000018	Prinfernotle is a three-way fusion between the second stages of the Sinnoh starters that was created using Team Rocket's fusion machine. Further improvements by Colress has made the fusion stable enough to be use in battles.	Prinfernotle é uma fusão tripla dos segundos estágios dos Pokémon iniciais de Sinnoh, criada com a máquina de fusão da Team Rocket. Aperfeiçoamentos feitos por Colress tornaram a fusão estável o bastante para ser usada em batalhas.
entrada_pokedex	1000019	Zapmolcuno is a three-way fusion between Articuno, Zapdos and Moltres that was created by Team Rocket. It is highly unstable.	Zapmolcuno é uma fusão tripla de Articuno, Zapdos e Moltres criada pela Team Rocket. É altamente instável.
entrada_pokedex	1000020	Zapmolcuno is a three-way fusion between Articuno, Zapdos and Moltres that was created by Team Rocket. It is highly unstable.	Zapmolcuno é uma fusão tripla de Articuno, Zapdos e Moltres criada pela Team Rocket. É altamente instável.
entrada_pokedex	1000021	Zapmolcuno is a three-way fusion between Articuno, Zapdos and Moltres that was created by Team Rocket. It is highly unstable.	Zapmolcuno é uma fusão tripla de Articuno, Zapdos e Moltres criada pela Team Rocket. É altamente instável.
entrada_pokedex	1000022	Paldiatina is a three-way fusion between Palkia, Dialga and Giratina. This Pokémon appeared at Mt. Silver for unknown reasons.	Paldiatina é uma fusão tripla de Palkia, Dialga e Giratina. Este Pokémon apareceu no Mt. Silver por razões desconhecidas.
entrada_pokedex	1000023	Paldiatina is a three-way fusion between Palkia, Dialga and Giratina. This Pokémon appeared at Mt. Silver for unknown reasons.	Paldiatina é uma fusão tripla de Palkia, Dialga e Giratina. Este Pokémon apareceu no Mt. Silver por razões desconhecidas.
entrada_pokedex	1000024	Paldiatina is a three-way fusion between Palkia, Dialga and Giratina. This Pokémon appeared at Mt. Silver for unknown reasons.	Paldiatina é uma fusão tripla de Palkia, Dialga e Giratina. Este Pokémon apareceu no Mt. Silver por razões desconhecidas.
entrada_pokedex	1000025	Property of the Goldenrod Dept. Store.	Propriedade da Goldenrod Dept. Store.
entrada_pokedex	1000027	Chennekie is a three-way fusion between the first stages of the Kalos starters that was created using Team Rocket's fusion machine. Further improvements by Colress has made the fusion stable enough to be use in battles.	Chennekie é uma fusão tripla dos primeiros estágios dos Pokémon iniciais de Kalos, criada com a máquina de fusão da Team Rocket. Aperfeiçoamentos feitos por Colress tornaram a fusão estável o bastante para ser usada em batalhas.
entrada_pokedex	1000028	POKENAME is a three-way fusion between the second stages of the Kalos starters that was created using Team Rocket's fusion machine. Further improvements by Colress has made the fusion stable enough to be use in battles.	POKENAME é uma fusão tripla dos segundos estágios dos Pokémon iniciais de Kalos, criada com a máquina de fusão da Team Rocket. Aperfeiçoamentos feitos por Colress tornaram a fusão estável o bastante para ser usada em batalhas.
entrada_pokedex	1000029	POKENAME is a three-way fusion between the final stages of the Kalos starters that was created using Team Rocket's fusion machine. Further improvements by Colress has made the fusion stable enough to be use in battles.	POKENAME é uma fusão tripla dos estágios finais dos Pokémon iniciais de Kalos, criada com a máquina de fusão da Team Rocket. Aperfeiçoamentos feitos por Colress tornaram a fusão estável o bastante para ser usada em batalhas.
entrada_pokedex	1000030	"Hi! I'm the official mascot of TV Mauville!"	"Oi! Eu sou o mascote oficial da TV Mauville!"
entrada_pokedex	1000031	POKENAME is a three-way fusion between three celestial Pokémon that was created using Team Rocket's fusion machine. Further improvements by Colress has made the fusion stable enough to be use in battles.	POKENAME é uma fusão tripla de três Pokémon celestiais, criada com a máquina de fusão da Team Rocket. Aperfeiçoamentos feitos por Colress tornaram a fusão estável o bastante para ser usada em batalhas.
entrada_pokedex	1000032	POKENAME is a three-way fusion between three celestial Pokémon that was created using Team Rocket's fusion machine. Further improvements by Colress has made the fusion stable enough to be use in battles.	POKENAME é uma fusão tripla de três Pokémon celestiais, criada com a máquina de fusão da Team Rocket. Aperfeiçoamentos feitos por Colress tornaram a fusão estável o bastante para ser usada em batalhas.
entrada_pokedex	1000033	POKENAME is a three-way fusion between three fish Pokémon that was created using Team Rocket's fusion machine. Further improvements by Colress has made the fusion stable enough to be use in battles.	POKENAME é uma fusão tripla de três Pokémon peixe, criada com a máquina de fusão da Team Rocket. Aperfeiçoamentos feitos por Colress tornaram a fusão estável o bastante para ser usada em batalhas.
descricao_item	381	The user attacks with a punch that can shatter a rock. It may also lower the target's Defense stat.	O usuário ataca com um soco capaz de despedaçar rochas. Também pode reduzir a Defesa do alvo.
descricao_item	388	The user dives on the first turn, and floats up and attacks on the second. It can be used to dive in the ocean.	O usuário mergulha no primeiro turno e emerge atacando no segundo. Também pode ser usado para mergulhar no oceano.
descricao_item	518	This is a tool for watering Berries you planted to make them grow more quickly.	Um regador para molhar as Berries plantadas e fazê-las crescer mais rápido.
descricao_item	527	A ticket required to attend the private party on the S.S. Anne. It glows beautifully.	Um bilhete necessário para participar da festa particular no S.S. Anne. Ele brilha lindamente.
descricao_item	531	The user flashes a bright light that cuts the target's accuracy. It can also be used to illuminate caves.	O usuário emite uma luz forte que reduz a precisão do alvo. Também pode ser usado para iluminar cavernas.
descricao_item	546	A Team Rocket ID badge that belongs to somebedy else. It could be useful.	Um crachá de identificação da Team Rocket que pertence a outra pessoa. Pode ser útil.
descricao_item	555	A peculiar low capture rate Ball that switches the caught Pokémon gender. It won't work on genderless Pokémon.	Uma Ball peculiar, com baixa taxa de captura, que troca o gênero do Pokémon capturado. Não funciona em Pokémon sem gênero.
descricao_item	556	A peculiar low capture rate Ball that makes the caught Pokémon gain boosted exp as if it were traded.	Uma Ball peculiar, com baixa taxa de captura, que faz o Pokémon capturado ganhar experiência extra, como se tivesse sido trocado.
descricao_item	557	A peculiar very low capture rate Ball that unlocks the caught Pokémon's hidden ability.	Uma Ball peculiar, com taxa de captura muito baixa, que desbloqueia a habilidade oculta do Pokémon capturado.
descricao_item	560	A peculiar extremely low capture rate Ball that makes the caught Pokémon as strong as possible in  a few stats.	Uma Ball peculiar, com taxa de captura extremamente baixa, que deixa o Pokémon capturado o mais forte possível em alguns stats.
descricao_item	639	Traps foes in a violent swirling whirlpool. It can also be used to traverse whirlpools.	Prende os inimigos em um redemoinho violento. Também pode ser usado para atravessar redemoinhos.
descricao_item	684	A comfortable sleeping bag that can be used to sleep anywhere for longer periods.	Um saco de dormir confortável que pode ser usado para dormir em qualquer lugar por mais tempo.
descricao_item	696	A case that contains mechanical parts of some sort made by the Devon Corporation.	Uma maleta com algum tipo de peça mecânica fabricada pela Devon Corporation.
descricao_item	697	Delicate spores harvested from a large mushroom in Petalburg Woods. It might have some use...	Esporos delicados colhidos de um cogumelo grande no Petalburg Woods. Talvez sirvam para alguma coisa...
descricao_item	698	A handy field sleeping bag that can be used to nap anywhere.	Um saco de dormir prático que pode ser usado para tirar um cochilo em qualquer lugar.
descricao_item	699	Flower nectar obtained from a pink flower. It changes the form of a certain species of Pokémon.	Néctar obtido de uma flor rosa. Muda a forma de uma certa espécie de Pokémon.
descricao_item	700	Flower nectar obtained from a red flower. It changes the form of a certain species of Pokémon.	Néctar obtido de uma flor vermelha. Muda a forma de uma certa espécie de Pokémon.
descricao_item	701	Flower nectar obtained from a yellow flower. It changes the form of a certain species of Pokémon.	Néctar obtido de uma flor amarela. Muda a forma de uma certa espécie de Pokémon.
descricao_item	702	Flower nectar obtained from a blue flower. It changes the form of a certain species of Pokémon.	Néctar obtido de uma flor azul. Muda a forma de uma certa espécie de Pokémon.
descricao_item	703	An attack move with effects that vary depending on the user's environment.	Um golpe de ataque cujos efeitos variam conforme o ambiente do usuário.
descricao_item	704	A journal that logs all of the quests that you have in progress	Um diário que registra todas as quests que você tem em andamento.
descricao_item	705	The user waggles a finger and stimulates its brain into randomly using nearly any move.	O usuário balança um dedo e estimula o cérebro para usar aleatoriamente quase qualquer golpe.
descricao_item	706	An important letter addressed to Steven from the president of Devon Corporation.	Uma carta importante endereçada a Steven pelo presidente da Devon Corporation.
descricao_item	707	A bunch of seaweed that got tangled in your fishing rod. Maybe there's a use for it somewhere...	Um punhado de algas que ficou preso na sua vara de pescar. Talvez sirva para alguma coisa...
descricao_item	708	A candy that is packed with energy. If consumed, it grants a Pokémon a small number of Exp. Points.	Um doce cheio de energia. Se for consumido, dá ao Pokémon uma pequena quantidade de pontos de experiência.
descricao_item	709	The full uniform that every Team Aqua grunt wears. Putting it on might get you some odd looks...	O uniforme completo que todo recruta da Team Aqua usa. Vesti-lo pode atrair alguns olhares estranhos...
descricao_item	710	The full uniform that every Team Magma grunt wears. Putting it on might get you some odd looks...	O uniforme completo que todo recruta da Team Magma usa. Vesti-lo pode atrair alguns olhares estranhos...
descricao_item	711	This folding Bike allows you to perform actions such as wheelies and bunny hops.	Esta Bike dobrável permite fazer manobras como empinar e dar pulinhos.
descricao_item	712	This folding Bike more than doubles your movement speed.	Esta Bike dobrável mais que dobra a sua velocidade de movimento.
descricao_item	713	Weakens a supereffective Fairy-type attack against the holding Pokémon.	Enfraquece um golpe Fairy-type superefetivo contra o Pokémon que a segura.
descricao_item	714	Used for quick item code - Should not be obtainable as an actual item.	Usado para o código de item rápido. Não deveria ser obtido como um item de verdade.
descricao_item	715	A can of colored spray paint that can be used to paint on walls.	Uma lata de tinta spray colorida que pode ser usada para pintar paredes.
descricao_item	716	Debug tool for spawning Pokémon.	Ferramenta de debug para gerar Pokémon.
descricao_item	717	A small gift box that contains Glimmering Coins.	Uma caixinha de presente que contém Glimmering Coins.
descricao_item	718	A fertilizer to be spread on soft soil that increases the yield of berries.	Um fertilizante para espalhar em solo fofo que aumenta a colheita de Berries.
descricao_item	719	A case for holding Pokéblocks made with a Berry Blender.	Um estojo para guardar Pokéblocks feitos com um Berry Blender.
descricao_item	720	Some kind of object. You're not too sure what it is...	Algum tipo de objeto. Você não tem muita certeza do que é...
descricao_item	721	The user levitates using electrically generated magnetism. It can also be used in the field.	O usuário levita usando magnetismo gerado eletricamente. Também pode ser usado fora de batalha.
descricao_habilidade	86	The Pokémon is prone to wild stat changes.	As mudanças de stats do Pokémon são mais intensas.
descricao_fita	1	Hoenn Cool Contest Normal Rank winner!	Vencedor do Concurso Cool de Hoenn no Rank Normal!
descricao_fita	2	Hoenn Cool Contest Super Rank winner!	Vencedor do Concurso Cool de Hoenn no Rank Super!
descricao_fita	3	Hoenn Cool Contest Hyper Rank winner!	Vencedor do Concurso Cool de Hoenn no Rank Hyper!
descricao_fita	4	Hoenn Cool Contest Master Rank winner!	Vencedor do Concurso Cool de Hoenn no Rank Master!
descricao_fita	5	Hoenn Beauty Contest Normal Rank winner!	Vencedor do Concurso Beauty de Hoenn no Rank Normal!
descricao_fita	6	Hoenn Beauty Contest Super Rank winner!	Vencedor do Concurso Beauty de Hoenn no Rank Super!
descricao_fita	7	Hoenn Beauty Contest Hyper Rank winner!	Vencedor do Concurso Beauty de Hoenn no Rank Hyper!
descricao_fita	8	Hoenn Beauty Contest Master Rank winner!	Vencedor do Concurso Beauty de Hoenn no Rank Master!
descricao_fita	9	Hoenn Cute Contest Normal Rank winner!	Vencedor do Concurso Cute de Hoenn no Rank Normal!
descricao_fita	10	Hoenn Cute Contest Super Rank winner!	Vencedor do Concurso Cute de Hoenn no Rank Super!
descricao_fita	11	Hoenn Cute Contest Hyper Rank winner!	Vencedor do Concurso Cute de Hoenn no Rank Hyper!
descricao_fita	12	Hoenn Cute Contest Master Rank winner!	Vencedor do Concurso Cute de Hoenn no Rank Master!
descricao_fita	13	Hoenn Smart Contest Normal Rank winner!	Vencedor do Concurso Smart de Hoenn no Rank Normal!
descricao_fita	14	Hoenn Smart Contest Super Rank winner!	Vencedor do Concurso Smart de Hoenn no Rank Super!
descricao_fita	15	Hoenn Smart Contest Hyper Rank winner!	Vencedor do Concurso Smart de Hoenn no Rank Hyper!
descricao_fita	16	Hoenn Smart Contest Master Rank winner!	Vencedor do Concurso Smart de Hoenn no Rank Master!
descricao_fita	17	Hoenn Tough Contest Normal Rank winner!	Vencedor do Concurso Tough de Hoenn no Rank Normal!
descricao_fita	18	Hoenn Tough Contest Super Rank winner!	Vencedor do Concurso Tough de Hoenn no Rank Super!
descricao_fita	19	Hoenn Tough Contest Hyper Rank winner!	Vencedor do Concurso Tough de Hoenn no Rank Hyper!
descricao_fita	20	Hoenn Tough Contest Master Rank winner!	Vencedor do Concurso Tough de Hoenn no Rank Master!
descricao_fita	21	Super Contest Cool Category Normal Rank winner!	Vencedor do Super Concurso, categoria Cool, no Rank Normal!
descricao_fita	22	Super Contest Cool Category Great Rank winner!	Vencedor do Super Concurso, categoria Cool, no Rank Great!
descricao_fita	23	Super Contest Cool Category Ultra Rank winner!	Vencedor do Super Concurso, categoria Cool, no Rank Ultra!
descricao_fita	24	Super Contest Cool Category Master Rank winner!	Vencedor do Super Concurso, categoria Cool, no Rank Master!
descricao_fita	25	Super Contest Beauty Category Normal Rank winner!	Vencedor do Super Concurso, categoria Beauty, no Rank Normal!
descricao_fita	26	Super Contest Beauty Category Great Rank winner!	Vencedor do Super Concurso, categoria Beauty, no Rank Great!
descricao_fita	27	Super Contest Beauty Category Ultra Rank winner!	Vencedor do Super Concurso, categoria Beauty, no Rank Ultra!
descricao_fita	28	Super Contest Beauty Category Master Rank winner!	Vencedor do Super Concurso, categoria Beauty, no Rank Master!
descricao_fita	29	Super Contest Cute Category Normal Rank winner!	Vencedor do Super Concurso, categoria Cute, no Rank Normal!
descricao_fita	30	Super Contest Cute Category Great Rank winner!	Vencedor do Super Concurso, categoria Cute, no Rank Great!
descricao_fita	31	Super Contest Cute Category Ultra Rank winner!	Vencedor do Super Concurso, categoria Cute, no Rank Ultra!
descricao_fita	32	Super Contest Cute Category Master Rank winner!	Vencedor do Super Concurso, categoria Cute, no Rank Master!
descricao_fita	33	Super Contest Smart Category Normal Rank winner!	Vencedor do Super Concurso, categoria Smart, no Rank Normal!
descricao_fita	34	Super Contest Smart Category Great Rank winner!	Vencedor do Super Concurso, categoria Smart, no Rank Great!
descricao_fita	35	Super Contest Smart Category Ultra Rank winner!	Vencedor do Super Concurso, categoria Smart, no Rank Ultra!
descricao_fita	36	Super Contest Smart Category Master Rank winner!	Vencedor do Super Concurso, categoria Smart, no Rank Master!
descricao_fita	37	Super Contest Tough Category Normal Rank winner!	Vencedor do Super Concurso, categoria Tough, no Rank Normal!
descricao_fita	38	Super Contest Tough Category Great Rank winner!	Vencedor do Super Concurso, categoria Tough, no Rank Great!
descricao_fita	39	Super Contest Tough Category Ultra Rank winner!	Vencedor do Super Concurso, categoria Tough, no Rank Ultra!
descricao_fita	40	Super Contest Tough Category Master Rank winner!	Vencedor do Super Concurso, categoria Tough, no Rank Master!
descricao_fita	41	Ribbon awarded for clearing Hoenn's Battle Tower's Lv. 50 challenge.	Fita concedida por vencer o desafio Lv. 50 da Battle Tower de Hoenn.
descricao_fita	42	Ribbon awarded for clearing Hoenn's Battle Tower's Lv. 100 challenge.	Fita concedida por vencer o desafio Lv. 100 da Battle Tower de Hoenn.
descricao_fita	43	A Ribbon awarded for defeating the Tower Tycoon at the Battle Tower.	Uma fita concedida por derrotar o Tower Tycoon na Battle Tower.
descricao_fita	44	A Ribbon awarded for defeating the Tower Tycoon at the Battle Tower.	Uma fita concedida por derrotar o Tower Tycoon na Battle Tower.
descricao_fita	45	A Ribbon awarded for completing the Battle Tower Double challenge.	Uma fita concedida por completar o desafio Double da Battle Tower.
descricao_fita	46	A Ribbon awarded for completing the Battle Tower Multi challenge.	Uma fita concedida por completar o desafio Multi da Battle Tower.
descricao_fita	47	A Ribbon awarded for completing the Battle Tower Link Multi challenge.	Uma fita concedida por completar o desafio Link Multi da Battle Tower.
descricao_fita	48	A Ribbon awarded for completing the Wi-Fi Battle Tower challenge.	Uma fita concedida por completar o desafio Wi-Fi da Battle Tower.
descricao_fita	49	Ribbon for clearing the Pokémon League and entering the Hall of Fame in another region.	Fita por vencer a Pokémon League e entrar no Hall of Fame em outra região.
descricao_fita	50	Ribbon awarded for beating the Sinnoh Champion and entering the Hall of Fame.	Fita concedida por derrotar o Campeão de Sinnoh e entrar no Hall of Fame.
descricao_fita	51	A Ribbon awarded for setting an incredible record.	Uma fita concedida por estabelecer um recorde incrível.
descricao_fita	52	Pokémon Event Participation Ribbon.	Fita de participação em evento Pokémon.
descricao_fita	53	A Ribbon awarded for setting a legendary record.	Uma fita concedida por estabelecer um recorde lendário.
descricao_fita	54	An extraordinarily gorgeous and extravagant Ribbon.	Uma fita extraordinariamente linda e extravagante.
descricao_fita	55	An incredibly regal Ribbon with an air of nobility.	Uma fita incrivelmente majestosa, com um ar de nobreza.
descricao_fita	56	A gorgeous and regal Ribbon that is the peak of fabulous.	Uma fita linda e majestosa, o auge do luxo.
descricao_fita	57	A Ribbon for recalling an invigorating event that created life energy.	Uma fita que lembra um acontecimento revigorante que encheu a vida de energia.
descricao_fita	58	A Ribbon for recalling a thrilling event that made life more exciting.	Uma fita que lembra um acontecimento emocionante que deixou a vida mais animada.
descricao_fita	59	A Ribbon for recalling feelings of sadness that added spice to life.	Uma fita que lembra um sentimento de tristeza que deu mais sabor à vida.
descricao_fita	60	A Ribbon for recalling a careless error that helped steer life decisions.	Uma fita que lembra um erro bobo que ajudou a guiar decisões da vida.
descricao_fita	61	A Ribbon for recalling a refreshing event that added sparkle to life.	Uma fita que lembra um acontecimento revigorante que deu mais brilho à vida.
descricao_fita	62	A Ribbon for recalling a deep slumber that made life soothing.	Uma fita que lembra um sono profundo que deixou a vida mais tranquila.
descricao_fita	63	A Ribbon for recalling that smiles enrich the quality of life.	Uma fita que lembra que sorrisos enriquecem a qualidade de vida.
descricao_fita	64	A Ribbon awarded to a Pokémon deemed to have a top-quality footprint.	Uma fita concedida a um Pokémon considerado dono de uma pegada de altíssima qualidade.
descricao_fita	65	Ribbon awarded for being chosen as a super sketch model in Hoenn.	Fita concedida por ser escolhido como modelo de um super retrato em Hoenn.
descricao_fita	66	Ribbon awarded for being an exceptionally hard worker.	Fita concedida por ser excepcionalmente esforçado.
descricao_fita	67	A Ribbon to celebrate a birthday.	Uma fita para comemorar um aniversário.
descricao_fita	68	A special Ribbon for a special day.	Uma fita especial para um dia especial.
descricao_fita	69	A Ribbon that proclaims love for Pokémon.	Uma fita que declara amor pelos Pokémon.
descricao_fita	70	Special Holiday Ribbon.	Fita especial de feriado.
descricao_fita	71	A Ribbon to cherish a special memory.	Uma fita para guardar uma lembrança especial.
descricao_fita	72	A Ribbon said to make your wish come true.	Uma fita que, dizem, faz seu desejo se realizar.
descricao_fita	73	A Ribbon awarded for overcoming all difficult challenges.	Uma fita concedida por superar todos os desafios difíceis.
descricao_fita	74	Pokémon League Champion Ribbon.	Fita de Campeão da Pokémon League.
descricao_fita	75	Battle Competition Champion Ribbon.	Fita de Campeão de Competição de Batalha.
descricao_fita	76	Pokémon World Championships Regional Champion Ribbon.	Fita de Campeão Regional do Pokémon World Championships.
descricao_fita	77	A Ribbon awarded for winning 100 matches in a row.	Uma fita concedida por vencer 100 partidas seguidas.
descricao_fita	78	Pokémon League Champion Ribbon.	Fita de Campeão da Pokémon League.
descricao_fita	79	Pokémon World Championships National Champion Ribbon.	Fita de Campeão Nacional do Pokémon World Championships.
descricao_fita	80	Pokémon World Championships World Champion Ribbon.	Fita de Campeão Mundial do Pokémon World Championships.
